incident_id,date,year,month,quarter,industry,breach_type,attack_vector,country,data_sensitivity,compliance_framework,employee_range,records_exposed,financial_impact_usd,detection_time_days,resolution_time_days,notified_authorities,mfa_enabled,patch_compliance,severity,repeated_offender
INC-0001,2022-08-02,2022,8,Q3,Retail,Credential Stuffing,Email,Germany,Medium,PCI-DSS,10000+,63990,8117,1,15,Yes,Yes,Non-Compliant,High,No
INC-0002,2019-08-17,2019,8,Q3,Legal,SQL Injection,Third-Party Vendor,Germany,Medium,NIST,51-200,5036,106883,48,64,Yes,No,Non-Compliant,Low,No
INC-0003,2019-02-21,2019,2,Q1,Technology,Ransomware,Network Intrusion,USA,Critical,NIST,10000+,468892,4549326,50,59,Yes,No,Compliant,Medium,No
INC-0004,2023-02-27,2023,2,Q1,Education,Zero-Day Exploit,Cloud Misconfiguration,UK,Medium,NIST,10000+,10909,76068,73,88,Yes,No,Non-Compliant,High,No
INC-0005,2020-07-17,2020,7,Q3,Finance,Credential Stuffing,Removable Media,UK,Medium,SOC2,501-2000,35702,21076,122,127,Yes,No,Compliant,Critical,No
INC-0006,2020-05-16,2020,5,Q2,Finance,Phishing,Physical,UK,High,NIST,10000+,10000,1797357,1,34,Yes,No,Non-Compliant,High,No
INC-0007,2020-04-02,2020,4,Q2,Healthcare,Social Engineering,Physical,India,High,ISO27001,501-2000,40250,1417050,8,13,No,No,Non-Compliant,Critical,No
INC-0008,2019-10-13,2019,10,Q4,Insurance,Zero-Day Exploit,Removable Media,Germany,High,PCI-DSS,51-200,137290,896189,98,100,Yes,Yes,Compliant,High,No
INC-0009,2023-02-17,2023,2,Q1,Education,Social Engineering,Web Application,India,Low,NIST,201-500,6050,4392,28,40,No,No,Partial,High,No
INC-0010,2019-07-29,2019,7,Q3,Technology,Supply Chain,Remote Desktop,Canada,High,GDPR,501-2000,47813,892891,38,60,No,No,Non-Compliant,Medium,No
INC-0011,2022-10-17,2022,10,Q4,Healthcare,DDoS,Web Application,France,Low,SOC2,1-50,100,2465,49,61,Yes,No,Non-Compliant,Critical,Yes
INC-0012,2023-02-25,2023,2,Q1,Manufacturing,Insider Threat,Mobile Device,Australia,Low,ISO27001,501-2000,2533,11763,52,59,No,No,Compliant,Medium,No
INC-0013,2022-01-21,2022,1,Q1,Energy,Social Engineering,Network Intrusion,Japan,Critical,GDPR,10000+,192782,26021387,121,138,Yes,No,Partial,Critical,No
INC-0014,2019-06-28,2019,6,Q2,Finance,Zero-Day Exploit,Email,USA,Medium,GDPR,51-200,1678,145858,261,270,Yes,No,Partial,Critical,No
INC-0015,2022-04-24,2022,4,Q2,Finance,Phishing,Cloud Misconfiguration,USA,High,GDPR,501-2000,39199,241050,58,113,Yes,Yes,Compliant,Critical,No
INC-0016,2021-05-14,2021,5,Q2,Finance,Phishing,Network Intrusion,USA,High,GDPR,2001-10000,75821,717681,16,68,No,Yes,Compliant,High,No
INC-0017,2019-03-07,2019,3,Q1,Finance,Insider Threat,Email,Australia,Medium,PCI-DSS,10000+,4036,13720,96,110,Yes,No,Compliant,High,Yes
INC-0018,2019-03-03,2019,3,Q1,Government,Zero-Day Exploit,Third-Party Vendor,Brazil,Critical,NIST,10000+,50000,8862494,3,11,Yes,No,Non-Compliant,High,No
INC-0019,2019-07-11,2019,7,Q3,Retail,Misconfiguration,Network Intrusion,USA,Low,None,201-500,3840,7846,12,39,No,Yes,Compliant,Medium,No
INC-0020,2020-03-23,2020,3,Q1,Finance,Phishing,Email,Brazil,High,PCI-DSS,10000+,676872,77075,103,104,Yes,No,Non-Compliant,High,No
INC-0021,2020-04-21,2020,4,Q2,Education,DDoS,Physical,USA,Critical,PCI-DSS,501-2000,1328613,1564637,14,27,No,No,Non-Compliant,Low,No
INC-0022,2021-10-31,2021,10,Q4,Healthcare,Insider Threat,Web Application,Japan,High,ISO27001,51-200,18149,376707,12,21,No,Yes,Non-Compliant,High,Yes
INC-0023,2022-05-17,2022,5,Q2,Finance,Misconfiguration,Network Intrusion,UK,Critical,ISO27001,201-500,369581,3700907,7,58,No,Yes,Non-Compliant,Medium,No
INC-0024,2019-02-24,2019,2,Q1,Retail,Zero-Day Exploit,Mobile Device,USA,Low,NIST,501-2000,990,1491,89,90,No,Yes,Non-Compliant,Medium,Yes
INC-0025,2022-02-23,2022,2,Q1,Government,Zero-Day Exploit,Network Intrusion,Germany,High,None,51-200,245515,737736,32,49,No,No,Non-Compliant,Medium,No
INC-0026,2020-02-12,2020,2,Q1,Energy,SQL Injection,Remote Desktop,USA,Medium,ISO27001,501-2000,27251,64295,51,78,Yes,Yes,Compliant,High,No
INC-0027,2023-01-06,2023,1,Q1,Finance,Insider Threat,Network Intrusion,USA,High,NIST,501-2000,33245,411718,13,27,No,Yes,Compliant,High,Yes
INC-0028,2022-08-23,2022,8,Q3,Government,Ransomware,Removable Media,UK,Critical,NIST,51-200,565438,2348193,64,66,Yes,No,Partial,Low,No
INC-0029,2022-12-07,2022,12,Q4,Education,Phishing,Web Application,Canada,Medium,HIPAA,501-2000,19855,142697,65,137,Yes,Yes,Compliant,High,Yes
INC-0030,2022-01-21,2022,1,Q1,Healthcare,Zero-Day Exploit,Removable Media,Germany,High,None,501-2000,887939,2617605,17,32,Yes,Yes,Non-Compliant,Medium,Yes
INC-0031,2021-05-09,2021,5,Q2,Education,Zero-Day Exploit,Email,UK,Medium,ISO27001,201-500,28770,30829,24,44,No,Yes,Partial,High,No
INC-0032,2020-03-27,2020,3,Q1,Finance,Misconfiguration,Third-Party Vendor,India,High,None,1-50,326606,271087,11,17,No,No,Compliant,High,No
INC-0033,2021-07-08,2021,7,Q3,Healthcare,Misconfiguration,Web Application,Australia,High,PCI-DSS,1-50,113398,817144,169,183,No,No,Non-Compliant,High,No
INC-0034,2022-04-21,2022,4,Q2,Legal,DDoS,Email,USA,Critical,PCI-DSS,201-500,4147648,3495262,47,59,Yes,Yes,Non-Compliant,High,No
INC-0035,2020-07-23,2020,7,Q3,Manufacturing,Supply Chain,Email,UK,High,None,2001-10000,184899,434941,123,125,Yes,Yes,Partial,Medium,No
INC-0036,2023-07-16,2023,7,Q3,Energy,Social Engineering,Physical,USA,Medium,HIPAA,51-200,2748,104760,17,20,Yes,No,Partial,High,No
INC-0037,2023-11-16,2023,11,Q4,Finance,Zero-Day Exploit,Web Application,USA,Medium,HIPAA,501-2000,82075,7408,69,106,No,Yes,Non-Compliant,High,Yes
INC-0038,2019-01-14,2019,1,Q1,Healthcare,Ransomware,Cloud Misconfiguration,Australia,Medium,None,51-200,28486,186853,66,72,No,Yes,Compliant,High,Yes
INC-0039,2023-04-04,2023,4,Q2,Technology,SQL Injection,Email,USA,Medium,ISO27001,201-500,5144,53769,53,58,Yes,Yes,Non-Compliant,High,No
INC-0040,2023-07-09,2023,7,Q3,Retail,Phishing,Web Application,Germany,Medium,SOC2,2001-10000,4871,33133,152,167,Yes,No,Non-Compliant,Low,No
INC-0041,2019-11-23,2019,11,Q4,Healthcare,Misconfiguration,Third-Party Vendor,Australia,Critical,HIPAA,501-2000,780138,4573156,23,53,Yes,No,Non-Compliant,High,No
INC-0042,2022-11-30,2022,11,Q4,Government,DDoS,Cloud Misconfiguration,USA,High,GDPR,1-50,200326,481563,7,9,Yes,Yes,Compliant,High,No
INC-0043,2021-05-15,2021,5,Q2,Healthcare,Ransomware,Web Application,India,High,PCI-DSS,201-500,134438,88535,51,69,No,No,Compliant,Medium,No
INC-0044,2020-11-27,2020,11,Q4,Insurance,Credential Stuffing,Physical,USA,Medium,None,1-50,15951,222953,59,62,Yes,Yes,Partial,Low,Yes
INC-0045,2020-07-23,2020,7,Q3,Finance,DDoS,Network Intrusion,Japan,Critical,GDPR,201-500,6403142,5210957,39,40,Yes,Yes,Non-Compliant,Low,Yes
INC-0046,2019-11-15,2019,11,Q4,Technology,Insider Threat,Third-Party Vendor,Germany,High,None,501-2000,498939,778687,11,13,Yes,No,Compliant,Critical,No
INC-0047,2020-03-16,2020,3,Q1,Finance,Phishing,Web Application,Canada,Low,NIST,51-200,1331,12948,32,68,Yes,Yes,Non-Compliant,High,No
INC-0048,2023-04-13,2023,4,Q2,Government,Credential Stuffing,Email,India,High,PCI-DSS,51-200,410401,180088,17,20,No,No,Partial,Medium,No
INC-0049,2020-11-20,2020,11,Q4,Government,SQL Injection,Network Intrusion,USA,High,PCI-DSS,201-500,21250,802779,26,27,Yes,Yes,Non-Compliant,Medium,Yes
INC-0050,2019-07-29,2019,7,Q3,Finance,Supply Chain,Email,India,Low,HIPAA,2001-10000,1816,3825,47,59,Yes,No,Compliant,High,No
INC-0051,2019-07-09,2019,7,Q3,Manufacturing,SQL Injection,Network Intrusion,Japan,High,HIPAA,10000+,1000000,1166051,62,100,Yes,Yes,Compliant,Critical,No
INC-0052,2021-02-17,2021,2,Q1,Technology,Zero-Day Exploit,Third-Party Vendor,India,High,GDPR,1-50,72103,59583,12,19,No,No,Compliant,Low,Yes
INC-0053,2019-07-18,2019,7,Q3,Legal,DDoS,Network Intrusion,France,Medium,NIST,501-2000,2804,45282,24,35,No,Yes,Partial,Medium,No
INC-0054,2021-01-05,2021,1,Q1,Insurance,DDoS,Cloud Misconfiguration,Brazil,Critical,None,201-500,188006,2736329,15,16,No,No,Non-Compliant,Critical,No
INC-0055,2023-10-02,2023,10,Q4,Education,Zero-Day Exploit,Mobile Device,USA,Critical,NIST,201-500,97529,7703701,10,22,Yes,Yes,Non-Compliant,Low,No
INC-0056,2020-12-05,2020,12,Q4,Legal,Insider Threat,Web Application,USA,High,PCI-DSS,501-2000,30815,800032,69,87,Yes,No,Non-Compliant,Medium,Yes
INC-0057,2022-05-21,2022,5,Q2,Healthcare,Phishing,Cloud Misconfiguration,India,High,GDPR,2001-10000,57363,246406,108,125,Yes,Yes,Non-Compliant,Critical,No
INC-0058,2020-06-25,2020,6,Q2,Finance,Phishing,Remote Desktop,UK,High,SOC2,10000+,12143,245288,21,30,No,No,Partial,High,No
INC-0059,2023-07-11,2023,7,Q3,Healthcare,Supply Chain,Remote Desktop,France,High,GDPR,501-2000,102370,447619,63,71,Yes,Yes,Non-Compliant,Medium,No
INC-0060,2019-03-30,2019,3,Q1,Finance,Credential Stuffing,Physical,Brazil,High,ISO27001,201-500,387062,203968,103,106,Yes,Yes,Compliant,Low,No
INC-0061,2023-02-03,2023,2,Q1,Retail,Credential Stuffing,Network Intrusion,UK,Low,GDPR,501-2000,256,11604,85,95,No,No,Compliant,Low,Yes
INC-0062,2021-07-29,2021,7,Q3,Finance,Ransomware,Mobile Device,USA,High,NIST,51-200,976618,345641,10,13,No,Yes,Non-Compliant,Medium,No
INC-0063,2022-01-03,2022,1,Q1,Energy,Phishing,Cloud Misconfiguration,Canada,Critical,ISO27001,501-2000,1075774,273200,141,171,Yes,Yes,Partial,Critical,No
INC-0064,2019-09-13,2019,9,Q3,Retail,Phishing,Remote Desktop,USA,High,ISO27001,201-500,469205,343705,22,90,Yes,No,Compliant,High,No
INC-0065,2021-02-14,2021,2,Q1,Finance,Insider Threat,Remote Desktop,France,Low,ISO27001,501-2000,372,1769,19,90,Yes,No,Partial,High,No
INC-0066,2019-06-11,2019,6,Q2,Government,DDoS,Cloud Misconfiguration,UK,High,SOC2,51-200,360307,97839,3,44,No,Yes,Partial,Critical,Yes
INC-0067,2022-02-04,2022,2,Q1,Healthcare,Insider Threat,Web Application,Australia,Medium,GDPR,51-200,1943,14506,30,49,No,No,Compliant,High,No
INC-0068,2020-08-23,2020,8,Q3,Energy,Insider Threat,Email,USA,Medium,NIST,2001-10000,38014,55780,6,31,Yes,No,Compliant,Medium,No
INC-0069,2023-08-26,2023,8,Q3,Healthcare,Social Engineering,Web Application,India,Medium,GDPR,51-200,12940,188795,13,20,Yes,Yes,Compliant,High,No
INC-0070,2022-07-11,2022,7,Q3,Manufacturing,Insider Threat,Web Application,Germany,Medium,SOC2,201-500,22930,68388,18,38,No,No,Non-Compliant,Critical,No
INC-0071,2022-06-20,2022,6,Q2,Technology,SQL Injection,Web Application,India,High,PCI-DSS,51-200,17146,272627,75,88,No,No,Compliant,Critical,No
INC-0072,2023-12-19,2023,12,Q4,Finance,Supply Chain,Web Application,USA,High,HIPAA,1-50,26116,788799,94,108,Yes,No,Non-Compliant,Low,No
INC-0073,2023-10-31,2023,10,Q4,Healthcare,Insider Threat,Email,Canada,Medium,NIST,1-50,24493,31592,17,46,Yes,Yes,Non-Compliant,High,No
INC-0074,2021-01-10,2021,1,Q1,Energy,Credential Stuffing,Email,France,Critical,NIST,51-200,120552,2496369,89,96,Yes,No,Non-Compliant,High,No
INC-0075,2022-03-28,2022,3,Q1,Technology,Zero-Day Exploit,Mobile Device,USA,Critical,GDPR,2001-10000,1001663,1576291,88,96,Yes,Yes,Compliant,Critical,No
INC-0076,2020-01-29,2020,1,Q1,Technology,Social Engineering,Remote Desktop,USA,Critical,HIPAA,51-200,64321,867282,66,118,No,Yes,Non-Compliant,Medium,No
INC-0077,2022-12-13,2022,12,Q4,Technology,Phishing,Remote Desktop,USA,Medium,None,10000+,35689,33855,8,10,No,Yes,Non-Compliant,High,Yes
INC-0078,2019-05-23,2019,5,Q2,Healthcare,Social Engineering,Physical,Australia,High,None,501-2000,15742,585614,53,67,No,No,Non-Compliant,Critical,No
INC-0079,2019-04-04,2019,4,Q2,Retail,SQL Injection,Web Application,India,Critical,SOC2,201-500,1144883,4539488,131,180,Yes,No,Partial,High,No
INC-0080,2022-09-16,2022,9,Q3,Healthcare,Ransomware,Network Intrusion,India,High,None,501-2000,255600,329851,52,71,No,No,Compliant,High,No
INC-0081,2020-04-11,2020,4,Q2,Insurance,SQL Injection,Cloud Misconfiguration,USA,Low,NIST,201-500,351,1941,19,35,Yes,No,Partial,Low,No
INC-0082,2023-05-03,2023,5,Q2,Education,Misconfiguration,Email,UK,Low,None,501-2000,2394,9186,32,38,Yes,Yes,Non-Compliant,Medium,No
INC-0083,2020-08-15,2020,8,Q3,Retail,SQL Injection,Remote Desktop,India,High,PCI-DSS,51-200,147796,133951,47,56,Yes,Yes,Non-Compliant,Medium,No
INC-0084,2019-06-13,2019,6,Q2,Healthcare,Ransomware,Network Intrusion,Germany,Critical,PCI-DSS,201-500,222815,10864122,33,72,Yes,Yes,Non-Compliant,Critical,No
INC-0085,2023-10-18,2023,10,Q4,Finance,Credential Stuffing,Network Intrusion,Singapore,High,PCI-DSS,2001-10000,22028,183532,6,23,No,Yes,Non-Compliant,Medium,No
INC-0086,2020-04-21,2020,4,Q2,Finance,Ransomware,Remote Desktop,USA,High,None,10000+,10000,235608,17,32,Yes,No,Compliant,High,No
INC-0087,2023-11-10,2023,11,Q4,Technology,Phishing,Third-Party Vendor,Australia,Medium,SOC2,2001-10000,16895,11533,73,76,Yes,No,Non-Compliant,High,No
INC-0088,2019-07-26,2019,7,Q3,Technology,Phishing,Email,UK,High,ISO27001,201-500,10000,302840,89,90,Yes,Yes,Non-Compliant,Medium,No
INC-0089,2021-02-17,2021,2,Q1,Insurance,Phishing,Mobile Device,UK,Critical,ISO27001,501-2000,576874,13259978,7,74,Yes,Yes,Non-Compliant,High,No
INC-0090,2020-07-23,2020,7,Q3,Government,Phishing,Web Application,Australia,Medium,HIPAA,201-500,6735,83734,138,148,Yes,Yes,Compliant,High,Yes
INC-0091,2021-07-17,2021,7,Q3,Healthcare,Phishing,Network Intrusion,Australia,High,ISO27001,201-500,276963,1330127,18,37,Yes,Yes,Partial,Critical,No
INC-0092,2022-07-25,2022,7,Q3,Technology,Credential Stuffing,Physical,Singapore,Critical,ISO27001,51-200,317837,8428176,49,51,No,No,Non-Compliant,High,No
INC-0093,2023-09-05,2023,9,Q3,Technology,Ransomware,Third-Party Vendor,USA,Medium,PCI-DSS,501-2000,6100,16582,63,86,Yes,No,Compliant,High,Yes
INC-0094,2021-01-17,2021,1,Q1,Education,Insider Threat,Third-Party Vendor,USA,High,PCI-DSS,51-200,299758,359178,76,130,Yes,No,Non-Compliant,Medium,Yes
INC-0095,2019-11-30,2019,11,Q4,Technology,Social Engineering,Web Application,Canada,Medium,None,201-500,16529,22915,132,150,Yes,No,Partial,Critical,No
INC-0096,2021-01-28,2021,1,Q1,Government,SQL Injection,Email,India,High,HIPAA,2001-10000,160678,1891608,17,20,No,Yes,Partial,Medium,No
INC-0097,2020-12-28,2020,12,Q4,Government,Credential Stuffing,Web Application,USA,High,GDPR,51-200,202162,151081,88,106,Yes,Yes,Non-Compliant,High,No
INC-0098,2020-03-05,2020,3,Q1,Retail,Phishing,Email,USA,High,NIST,1-50,10000,1222075,7,37,Yes,No,Partial,Medium,No
INC-0099,2022-10-04,2022,10,Q4,Healthcare,Ransomware,Cloud Misconfiguration,USA,High,HIPAA,1-50,311174,1221166,55,66,Yes,No,Compliant,Critical,Yes
INC-0100,2020-06-30,2020,6,Q2,Healthcare,Phishing,Web Application,Brazil,Medium,HIPAA,10000+,25060,311575,61,104,Yes,Yes,Non-Compliant,High,No
INC-0101,2022-12-08,2022,12,Q4,Healthcare,Phishing,Email,USA,Critical,SOC2,201-500,108807,3319291,51,72,Yes,No,Partial,High,No
INC-0102,2022-10-31,2022,10,Q4,Technology,Ransomware,Mobile Device,UK,High,None,201-500,69341,1019359,14,60,No,No,Partial,Medium,No
INC-0103,2022-08-20,2022,8,Q3,Finance,Phishing,Network Intrusion,USA,Medium,SOC2,2001-10000,9427,489642,93,113,Yes,No,Non-Compliant,High,No
INC-0104,2019-05-27,2019,5,Q2,Government,Phishing,Network Intrusion,UK,High,HIPAA,2001-10000,81730,269607,9,12,Yes,No,Partial,High,No
INC-0105,2022-06-01,2022,6,Q2,Insurance,Phishing,Mobile Device,USA,High,HIPAA,201-500,165002,107723,3,11,No,No,Compliant,High,Yes
INC-0106,2022-07-24,2022,7,Q3,Finance,SQL Injection,Email,Germany,Medium,HIPAA,501-2000,85595,7629,57,62,No,No,Partial,Medium,Yes
INC-0107,2019-12-17,2019,12,Q4,Retail,Ransomware,Remote Desktop,USA,Critical,ISO27001,501-2000,2533249,10197574,30,78,Yes,Yes,Compliant,Critical,Yes
INC-0108,2021-12-29,2021,12,Q4,Technology,Insider Threat,Cloud Misconfiguration,Canada,Critical,NIST,501-2000,69845,760550,86,115,Yes,Yes,Compliant,Critical,No
INC-0109,2023-02-02,2023,2,Q1,Finance,SQL Injection,Physical,USA,Medium,NIST,51-200,25423,34456,22,45,Yes,Yes,Compliant,Medium,No
INC-0110,2020-05-16,2020,5,Q2,Healthcare,Credential Stuffing,Email,India,Critical,SOC2,2001-10000,3670224,7742704,9,17,Yes,Yes,Non-Compliant,Critical,No
INC-0111,2019-12-01,2019,12,Q4,Finance,Phishing,Removable Media,Brazil,Medium,HIPAA,201-500,17864,60171,82,87,No,No,Compliant,High,No
INC-0112,2021-08-04,2021,8,Q3,Finance,Supply Chain,Web Application,Australia,Medium,NIST,51-200,51370,76513,36,65,No,No,Compliant,High,No
INC-0113,2021-02-16,2021,2,Q1,Legal,Credential Stuffing,Web Application,Germany,Medium,PCI-DSS,201-500,100000,62446,10,23,No,Yes,Compliant,Medium,No
INC-0114,2020-07-06,2020,7,Q3,Energy,Phishing,Third-Party Vendor,UK,Critical,NIST,1-50,2321972,17962813,58,64,Yes,No,Compliant,High,No
INC-0115,2022-08-03,2022,8,Q3,Technology,Zero-Day Exploit,Third-Party Vendor,UK,High,None,51-200,145348,192923,33,53,Yes,Yes,Non-Compliant,High,Yes
INC-0116,2022-11-10,2022,11,Q4,Insurance,Social Engineering,Third-Party Vendor,Australia,Medium,None,501-2000,47952,25407,42,43,Yes,Yes,Non-Compliant,High,No
INC-0117,2022-02-14,2022,2,Q1,Energy,Phishing,Email,Singapore,High,NIST,1-50,124275,230891,28,36,No,Yes,Compliant,High,No
INC-0118,2020-03-25,2020,3,Q1,Finance,Ransomware,Network Intrusion,Australia,High,PCI-DSS,201-500,103650,1146879,80,93,Yes,Yes,Non-Compliant,High,No
INC-0119,2022-11-03,2022,11,Q4,Insurance,Zero-Day Exploit,Web Application,India,Low,None,201-500,590,12302,80,84,Yes,Yes,Partial,High,No
INC-0120,2020-10-26,2020,10,Q4,Government,Supply Chain,Email,Canada,Critical,ISO27001,1-50,5217262,7851175,56,140,No,No,Partial,Low,No
INC-0121,2023-09-23,2023,9,Q3,Energy,Ransomware,Network Intrusion,Germany,Critical,NIST,10000+,146491,16328818,6,11,No,Yes,Compliant,Critical,No
INC-0122,2023-04-23,2023,4,Q2,Insurance,Ransomware,Mobile Device,USA,High,ISO27001,51-200,995974,153940,83,86,No,No,Non-Compliant,High,No
INC-0123,2023-05-09,2023,5,Q2,Finance,Insider Threat,Network Intrusion,India,Critical,NIST,201-500,1058284,26487211,51,56,Yes,Yes,Compliant,Medium,No
INC-0124,2019-04-25,2019,4,Q2,Healthcare,SQL Injection,Removable Media,Japan,High,GDPR,201-500,12258,2293528,54,84,No,Yes,Compliant,Medium,No
INC-0125,2020-04-14,2020,4,Q2,Finance,DDoS,Physical,USA,Critical,GDPR,51-200,867904,10433897,21,33,No,Yes,Compliant,High,No
INC-0126,2023-08-11,2023,8,Q3,Retail,Insider Threat,Third-Party Vendor,Australia,High,GDPR,1-50,10000,2970266,96,113,Yes,No,Partial,Critical,No
INC-0127,2019-03-07,2019,3,Q1,Energy,SQL Injection,Email,USA,High,None,501-2000,255553,95391,59,60,Yes,Yes,Compliant,Medium,No
INC-0128,2023-07-07,2023,7,Q3,Insurance,Supply Chain,Remote Desktop,Germany,Medium,ISO27001,10000+,37729,29594,6,7,Yes,No,Compliant,High,No
INC-0129,2020-10-08,2020,10,Q4,Healthcare,Phishing,Web Application,USA,Critical,ISO27001,51-200,205629,2396799,24,36,No,No,Compliant,Low,No
INC-0130,2021-04-01,2021,4,Q2,Government,Ransomware,Web Application,Germany,High,ISO27001,501-2000,120360,1028737,98,132,Yes,No,Partial,High,No
INC-0131,2020-07-02,2020,7,Q3,Retail,Credential Stuffing,Cloud Misconfiguration,Canada,Medium,PCI-DSS,501-2000,100000,17494,3,47,Yes,No,Non-Compliant,Critical,No
INC-0132,2019-05-16,2019,5,Q2,Finance,Social Engineering,Remote Desktop,UK,Low,ISO27001,2001-10000,468,10664,147,149,Yes,Yes,Compliant,High,No
INC-0133,2020-03-08,2020,3,Q1,Healthcare,SQL Injection,Email,Australia,High,PCI-DSS,201-500,20426,1968730,52,68,No,Yes,Non-Compliant,Medium,Yes
INC-0134,2022-03-07,2022,3,Q1,Retail,SQL Injection,Web Application,Canada,High,GDPR,201-500,923033,1002057,45,94,Yes,Yes,Non-Compliant,High,Yes
INC-0135,2023-11-30,2023,11,Q4,Legal,Phishing,Physical,Brazil,High,GDPR,201-500,1000000,664051,15,25,Yes,No,Non-Compliant,Medium,No
INC-0136,2023-01-10,2023,1,Q1,Finance,SQL Injection,Email,USA,Critical,None,501-2000,502779,1861838,13,49,Yes,Yes,Compliant,High,No
INC-0137,2020-10-06,2020,10,Q4,Government,SQL Injection,Network Intrusion,UK,Low,NIST,2001-10000,4559,2143,129,132,No,Yes,Partial,High,No
INC-0138,2020-03-11,2020,3,Q1,Technology,Ransomware,Remote Desktop,USA,High,GDPR,51-200,747985,1744506,16,71,Yes,No,Compliant,High,No
INC-0139,2022-09-04,2022,9,Q3,Retail,Ransomware,Remote Desktop,Singapore,Medium,NIST,201-500,3283,109002,68,96,Yes,Yes,Non-Compliant,Medium,Yes
INC-0140,2021-10-19,2021,10,Q4,Manufacturing,Insider Threat,Third-Party Vendor,Brazil,Critical,NIST,2001-10000,241446,4808659,23,80,No,No,Compliant,Critical,No
INC-0141,2021-03-21,2021,3,Q1,Manufacturing,Phishing,Removable Media,Germany,Critical,None,2001-10000,3168203,3292108,7,30,Yes,No,Non-Compliant,High,No
INC-0142,2023-12-17,2023,12,Q4,Finance,Ransomware,Web Application,France,High,HIPAA,10000+,1000000,65943,1,11,No,Yes,Non-Compliant,Medium,No
INC-0143,2022-08-09,2022,8,Q3,Government,Ransomware,Physical,Germany,High,HIPAA,501-2000,232639,171358,36,92,Yes,Yes,Non-Compliant,High,No
INC-0144,2021-07-28,2021,7,Q3,Finance,Ransomware,Third-Party Vendor,India,Medium,SOC2,201-500,2672,338133,168,175,Yes,Yes,Compliant,High,No
INC-0145,2019-10-20,2019,10,Q4,Finance,Phishing,Web Application,USA,High,None,501-2000,1000000,138955,21,30,Yes,No,Partial,High,Yes
INC-0146,2020-06-26,2020,6,Q2,Healthcare,Social Engineering,Network Intrusion,Canada,Critical,SOC2,501-2000,225462,6043103,20,45,Yes,No,Compliant,High,No
INC-0147,2019-10-13,2019,10,Q4,Education,DDoS,Cloud Misconfiguration,USA,High,SOC2,1-50,60489,1369296,19,48,No,No,Non-Compliant,High,No
INC-0148,2020-05-20,2020,5,Q2,Government,Credential Stuffing,Physical,France,Medium,HIPAA,201-500,16711,14254,34,88,Yes,No,Partial,Medium,No
INC-0149,2023-03-06,2023,3,Q1,Healthcare,Supply Chain,Network Intrusion,Canada,High,None,501-2000,1000000,601435,27,32,No,No,Non-Compliant,Critical,No
INC-0150,2022-02-23,2022,2,Q1,Finance,SQL Injection,Network Intrusion,Australia,Critical,HIPAA,51-200,1800054,12773253,96,128,Yes,Yes,Non-Compliant,High,No
INC-0151,2022-01-08,2022,1,Q1,Insurance,Phishing,Cloud Misconfiguration,USA,Medium,SOC2,501-2000,18632,50628,32,59,Yes,Yes,Non-Compliant,Medium,No
INC-0152,2020-06-22,2020,6,Q2,Finance,SQL Injection,Removable Media,UK,Medium,None,501-2000,20035,880443,32,34,Yes,No,Non-Compliant,High,No
INC-0153,2023-03-10,2023,3,Q1,Healthcare,DDoS,Physical,USA,High,SOC2,10000+,106744,94255,7,17,No,Yes,Partial,Critical,No
INC-0154,2022-04-12,2022,4,Q2,Government,Supply Chain,Physical,UK,Critical,ISO27001,1-50,1154955,14413516,183,190,Yes,Yes,Compliant,Critical,No
INC-0155,2021-05-27,2021,5,Q2,Manufacturing,Insider Threat,Third-Party Vendor,USA,Medium,NIST,51-200,1000,42065,13,21,Yes,No,Non-Compliant,Medium,No
INC-0156,2022-04-10,2022,4,Q2,Finance,Phishing,Cloud Misconfiguration,Japan,Medium,None,501-2000,6408,108195,4,86,Yes,Yes,Non-Compliant,Medium,No
INC-0157,2021-03-28,2021,3,Q1,Technology,Ransomware,Email,India,Medium,None,51-200,14361,77736,49,70,Yes,No,Non-Compliant,High,No
INC-0158,2021-01-11,2021,1,Q1,Technology,Insider Threat,Network Intrusion,UK,Medium,NIST,501-2000,1779,24019,41,67,Yes,No,Compliant,Medium,No
INC-0159,2020-03-25,2020,3,Q1,Finance,Credential Stuffing,Network Intrusion,UK,High,SOC2,501-2000,178511,628668,25,101,No,Yes,Non-Compliant,Critical,Yes
INC-0160,2019-10-11,2019,10,Q4,Technology,DDoS,Email,Germany,High,ISO27001,51-200,73586,77999,25,35,Yes,No,Partial,Medium,Yes
INC-0161,2021-11-09,2021,11,Q4,Retail,Insider Threat,Removable Media,India,High,PCI-DSS,201-500,1000000,914022,70,103,No,Yes,Partial,Medium,No
INC-0162,2021-10-07,2021,10,Q4,Technology,Misconfiguration,Email,Germany,High,NIST,201-500,1000000,673687,10,22,Yes,Yes,Non-Compliant,High,No
INC-0163,2019-07-06,2019,7,Q3,Technology,DDoS,Web Application,Brazil,Medium,HIPAA,201-500,4972,94697,78,119,No,Yes,Non-Compliant,Medium,No
INC-0164,2023-03-28,2023,3,Q1,Government,Ransomware,Cloud Misconfiguration,Germany,Critical,SOC2,10000+,398756,14404724,48,52,No,Yes,Partial,High,No
INC-0165,2019-04-07,2019,4,Q2,Healthcare,Phishing,Email,Singapore,High,NIST,2001-10000,89500,722146,25,85,Yes,No,Compliant,High,Yes
INC-0166,2023-10-30,2023,10,Q4,Energy,Phishing,Removable Media,France,Critical,NIST,501-2000,253945,5798082,28,33,No,Yes,Compliant,Medium,No
INC-0167,2019-08-13,2019,8,Q3,Finance,Ransomware,Removable Media,USA,High,None,501-2000,133982,207170,14,22,Yes,Yes,Non-Compliant,Medium,No
INC-0168,2019-11-10,2019,11,Q4,Finance,Phishing,Third-Party Vendor,Japan,Medium,HIPAA,201-500,3206,24527,63,92,No,Yes,Partial,High,No
INC-0169,2022-07-09,2022,7,Q3,Healthcare,Ransomware,Email,USA,High,HIPAA,2001-10000,18342,1638182,33,44,No,No,Partial,Medium,Yes
INC-0170,2019-11-24,2019,11,Q4,Education,Ransomware,Web Application,France,Medium,HIPAA,501-2000,25448,210262,18,37,Yes,No,Non-Compliant,High,No
INC-0171,2023-06-11,2023,6,Q2,Technology,Phishing,Third-Party Vendor,UK,High,NIST,501-2000,257099,394057,41,53,Yes,Yes,Compliant,High,No
INC-0172,2022-10-25,2022,10,Q4,Healthcare,Social Engineering,Mobile Device,France,Low,PCI-DSS,2001-10000,299,5235,246,274,Yes,Yes,Non-Compliant,High,No
INC-0173,2021-05-14,2021,5,Q2,Government,Phishing,Physical,France,Medium,GDPR,51-200,38306,20234,26,32,Yes,Yes,Compliant,Critical,No
INC-0174,2022-05-06,2022,5,Q2,Finance,SQL Injection,Web Application,Canada,Critical,SOC2,2001-10000,193880,16154437,115,117,Yes,Yes,Compliant,Critical,No
INC-0175,2019-05-11,2019,5,Q2,Technology,Insider Threat,Physical,Canada,Medium,GDPR,51-200,14619,97265,20,28,Yes,No,Partial,Critical,No
INC-0176,2021-02-27,2021,2,Q1,Finance,Misconfiguration,Third-Party Vendor,UK,Critical,NIST,201-500,1711497,34836139,3,16,Yes,No,Compliant,Medium,No
INC-0177,2021-02-20,2021,2,Q1,Technology,Phishing,Cloud Misconfiguration,USA,Medium,GDPR,201-500,9508,20773,11,15,No,Yes,Partial,Medium,Yes
INC-0178,2022-05-05,2022,5,Q2,Retail,Insider Threat,Email,UK,High,NIST,10000+,197804,342612,25,34,Yes,Yes,Non-Compliant,Medium,No
INC-0179,2021-08-16,2021,8,Q3,Legal,Misconfiguration,Cloud Misconfiguration,USA,High,GDPR,2001-10000,46086,630210,12,23,Yes,Yes,Non-Compliant,Critical,No
INC-0180,2021-12-19,2021,12,Q4,Healthcare,Zero-Day Exploit,Third-Party Vendor,Australia,High,HIPAA,501-2000,74475,954414,1,3,Yes,No,Compliant,Critical,Yes
INC-0181,2020-05-29,2020,5,Q2,Retail,Zero-Day Exploit,Mobile Device,UK,Medium,ISO27001,501-2000,7343,40300,111,129,Yes,Yes,Compliant,Critical,Yes
INC-0182,2022-02-07,2022,2,Q1,Healthcare,Ransomware,Web Application,Singapore,Medium,HIPAA,501-2000,3263,20885,84,128,Yes,No,Compliant,Medium,No
INC-0183,2023-10-29,2023,10,Q4,Legal,Phishing,Physical,Australia,Low,HIPAA,10000+,767,12071,62,66,Yes,No,Partial,Critical,No
INC-0184,2019-01-24,2019,1,Q1,Insurance,Credential Stuffing,Network Intrusion,France,Medium,None,201-500,1000,102838,9,28,No,Yes,Partial,High,No
INC-0185,2022-10-25,2022,10,Q4,Finance,Social Engineering,Email,USA,High,None,201-500,47867,200003,6,28,No,No,Non-Compliant,Low,No
INC-0186,2023-01-16,2023,1,Q1,Technology,DDoS,Network Intrusion,France,Critical,GDPR,51-200,326129,19392389,4,15,Yes,No,Compliant,High,Yes
INC-0187,2019-08-23,2019,8,Q3,Energy,DDoS,Physical,Brazil,Critical,NIST,501-2000,340473,16113164,58,83,No,No,Partial,Low,Yes
INC-0188,2022-10-28,2022,10,Q4,Education,Ransomware,Email,Germany,High,HIPAA,501-2000,69611,571865,119,130,Yes,Yes,Compliant,High,No
INC-0189,2023-12-18,2023,12,Q4,Government,Supply Chain,Web Application,India,High,GDPR,201-500,91151,541425,26,41,No,Yes,Compliant,Medium,Yes
INC-0190,2022-01-04,2022,1,Q1,Finance,Ransomware,Cloud Misconfiguration,Canada,High,None,1-50,205271,870150,6,7,No,No,Non-Compliant,High,No
INC-0191,2023-03-18,2023,3,Q1,Healthcare,Ransomware,Email,USA,Medium,ISO27001,2001-10000,37127,21122,33,57,Yes,No,Partial,High,No
INC-0192,2020-06-30,2020,6,Q2,Insurance,Insider Threat,Third-Party Vendor,Germany,Critical,SOC2,1-50,188662,5152434,20,42,Yes,No,Compliant,Critical,No
INC-0193,2023-04-24,2023,4,Q2,Insurance,SQL Injection,Web Application,UK,High,GDPR,501-2000,16450,58103,22,23,Yes,No,Compliant,High,No
INC-0194,2022-08-05,2022,8,Q3,Technology,Ransomware,Physical,USA,High,ISO27001,10000+,20949,1201184,44,54,Yes,No,Partial,High,Yes
INC-0195,2020-11-27,2020,11,Q4,Retail,Phishing,Email,UK,Medium,SOC2,201-500,4815,10491,58,136,No,No,Compliant,Critical,No
INC-0196,2019-08-17,2019,8,Q3,Retail,DDoS,Network Intrusion,USA,High,PCI-DSS,51-200,58985,2248520,6,17,Yes,Yes,Compliant,Critical,Yes
INC-0197,2020-08-24,2020,8,Q3,Technology,Ransomware,Mobile Device,USA,High,GDPR,501-2000,31505,359418,2,16,No,No,Non-Compliant,Medium,No
INC-0198,2021-06-09,2021,6,Q2,Insurance,DDoS,Mobile Device,USA,Critical,GDPR,2001-10000,71552,4046170,233,282,No,No,Partial,High,No
INC-0199,2019-11-20,2019,11,Q4,Insurance,Phishing,Cloud Misconfiguration,Japan,High,PCI-DSS,201-500,50450,266900,12,38,Yes,No,Non-Compliant,Medium,No
INC-0200,2021-07-18,2021,7,Q3,Technology,SQL Injection,Email,India,Medium,PCI-DSS,10000+,13127,37486,3,21,No,No,Partial,Low,No
INC-0201,2019-01-07,2019,1,Q1,Technology,SQL Injection,Cloud Misconfiguration,Japan,Critical,GDPR,1-50,1220666,20655244,10,42,No,Yes,Non-Compliant,High,Yes
INC-0202,2023-01-18,2023,1,Q1,Healthcare,Phishing,Email,UK,Medium,PCI-DSS,201-500,4333,4154,2,42,No,No,Compliant,Critical,No
INC-0203,2023-11-29,2023,11,Q4,Finance,Ransomware,Email,UK,High,HIPAA,501-2000,53821,1792870,23,36,No,No,Partial,Medium,No
INC-0204,2023-01-13,2023,1,Q1,Insurance,Phishing,Web Application,Germany,Low,SOC2,2001-10000,249,7010,73,86,No,Yes,Non-Compliant,Critical,No
INC-0205,2020-06-23,2020,6,Q2,Education,Phishing,Remote Desktop,UK,High,SOC2,51-200,95393,149543,19,29,Yes,No,Compliant,Critical,Yes
INC-0206,2021-10-22,2021,10,Q4,Healthcare,Misconfiguration,Cloud Misconfiguration,USA,Critical,SOC2,2001-10000,140045,1705955,27,96,No,Yes,Non-Compliant,Critical,No
INC-0207,2023-04-10,2023,4,Q2,Healthcare,Ransomware,Physical,Australia,Medium,HIPAA,501-2000,23624,267311,51,75,Yes,Yes,Compliant,Medium,Yes
INC-0208,2020-01-01,2020,1,Q1,Technology,Zero-Day Exploit,Remote Desktop,USA,Critical,NIST,201-500,50000,1942413,32,34,No,Yes,Compliant,Critical,No
INC-0209,2021-11-05,2021,11,Q4,Healthcare,Ransomware,Web Application,India,Medium,PCI-DSS,51-200,5830,15778,89,129,No,Yes,Compliant,Medium,No
INC-0210,2019-08-06,2019,8,Q3,Finance,Credential Stuffing,Mobile Device,Australia,Critical,ISO27001,2001-10000,785459,15591914,91,105,Yes,No,Non-Compliant,High,No
INC-0211,2023-11-18,2023,11,Q4,Government,Supply Chain,Remote Desktop,USA,High,PCI-DSS,51-200,131752,701457,1,3,Yes,No,Partial,Low,No
INC-0212,2022-07-04,2022,7,Q3,Technology,DDoS,Remote Desktop,USA,Critical,GDPR,201-500,10000000,1957195,68,84,Yes,No,Non-Compliant,Low,No
INC-0213,2020-09-03,2020,9,Q3,Technology,SQL Injection,Email,Canada,Low,None,51-200,1689,6209,28,39,Yes,No,Partial,High,No
INC-0214,2023-09-20,2023,9,Q3,Finance,Insider Threat,Cloud Misconfiguration,Germany,Critical,SOC2,2001-10000,110888,1792632,203,246,Yes,Yes,Compliant,High,Yes
INC-0215,2022-08-01,2022,8,Q3,Technology,Insider Threat,Physical,USA,High,PCI-DSS,501-2000,86658,1503317,30,35,No,Yes,Compliant,Medium,No
INC-0216,2021-11-05,2021,11,Q4,Finance,Social Engineering,Web Application,Singapore,Medium,ISO27001,501-2000,1000,144516,196,232,No,No,Compliant,Medium,Yes
INC-0217,2022-06-01,2022,6,Q2,Finance,Zero-Day Exploit,Email,USA,Critical,GDPR,51-200,443061,8511720,64,81,No,Yes,Compliant,High,No
INC-0218,2020-02-12,2020,2,Q1,Technology,Misconfiguration,Physical,Australia,Medium,HIPAA,501-2000,2866,71785,13,15,Yes,No,Compliant,Low,No
INC-0219,2019-11-10,2019,11,Q4,Technology,Phishing,Physical,Singapore,Critical,NIST,501-2000,1973755,29096736,35,107,No,No,Partial,Critical,No
INC-0220,2021-02-04,2021,2,Q1,Energy,Supply Chain,Web Application,USA,Medium,HIPAA,2001-10000,4385,49984,219,234,No,No,Partial,Low,No
INC-0221,2023-04-11,2023,4,Q2,Technology,Social Engineering,Mobile Device,USA,High,ISO27001,2001-10000,83933,153351,88,95,Yes,No,Partial,Medium,No
INC-0222,2019-11-27,2019,11,Q4,Education,Ransomware,Email,USA,High,GDPR,1-50,38545,783743,5,18,Yes,Yes,Compliant,Medium,No
INC-0223,2022-01-09,2022,1,Q1,Healthcare,Phishing,Remote Desktop,UK,Low,SOC2,501-2000,10000,40265,56,96,Yes,Yes,Partial,High,Yes
INC-0224,2023-05-14,2023,5,Q2,Retail,Supply Chain,Network Intrusion,USA,Medium,PCI-DSS,1-50,6176,18124,20,28,No,No,Compliant,Medium,No
INC-0225,2021-12-22,2021,12,Q4,Finance,DDoS,Remote Desktop,Australia,Low,GDPR,201-500,10000,3483,1,6,Yes,Yes,Compliant,Medium,No
INC-0226,2019-01-02,2019,1,Q1,Finance,Zero-Day Exploit,Physical,USA,High,NIST,51-200,339134,758281,24,27,No,No,Partial,Critical,No
INC-0227,2022-05-11,2022,5,Q2,Manufacturing,Phishing,Remote Desktop,Germany,Medium,HIPAA,201-500,20608,47376,13,21,Yes,Yes,Non-Compliant,High,No
INC-0228,2020-10-25,2020,10,Q4,Retail,Supply Chain,Web Application,Singapore,High,NIST,201-500,173863,187223,77,108,No,No,Compliant,Low,No
INC-0229,2021-09-27,2021,9,Q3,Insurance,Ransomware,Mobile Device,France,Medium,NIST,501-2000,18052,153527,19,32,Yes,No,Non-Compliant,High,No
INC-0230,2019-02-09,2019,2,Q1,Technology,Phishing,Remote Desktop,India,Medium,ISO27001,201-500,1000,508804,80,86,Yes,No,Compliant,Critical,Yes
INC-0231,2019-08-18,2019,8,Q3,Energy,Phishing,Network Intrusion,UK,High,ISO27001,501-2000,65814,608343,1,5,Yes,Yes,Non-Compliant,Medium,No
INC-0232,2021-01-13,2021,1,Q1,Government,Zero-Day Exploit,Web Application,India,Low,PCI-DSS,201-500,3552,2024,17,26,Yes,Yes,Non-Compliant,Low,No
INC-0233,2023-12-05,2023,12,Q4,Education,Credential Stuffing,Web Application,Germany,Critical,ISO27001,1-50,464639,1062343,13,70,No,No,Partial,High,No
INC-0234,2023-08-31,2023,8,Q3,Government,SQL Injection,Email,UK,Critical,ISO27001,501-2000,60753,6471538,12,21,Yes,Yes,Compliant,High,No
INC-0235,2023-07-11,2023,7,Q3,Finance,Insider Threat,Physical,USA,High,GDPR,51-200,92440,1507918,4,93,No,No,Non-Compliant,High,No
INC-0236,2020-09-21,2020,9,Q3,Technology,Zero-Day Exploit,Web Application,Brazil,High,SOC2,201-500,1000000,804141,10,24,Yes,No,Non-Compliant,Low,Yes
INC-0237,2020-05-05,2020,5,Q2,Finance,Insider Threat,Network Intrusion,Germany,Critical,PCI-DSS,501-2000,3245243,4987995,37,41,Yes,No,Non-Compliant,Medium,No
INC-0238,2019-04-29,2019,4,Q2,Healthcare,Zero-Day Exploit,Remote Desktop,USA,Medium,GDPR,201-500,9111,27736,16,61,Yes,No,Compliant,High,Yes
INC-0239,2020-05-08,2020,5,Q2,Technology,Insider Threat,Mobile Device,UK,Low,SOC2,1-50,4166,1677,25,38,Yes,Yes,Non-Compliant,Medium,No
INC-0240,2023-12-04,2023,12,Q4,Finance,Insider Threat,Email,UK,Medium,NIST,201-500,5770,115212,22,47,No,No,Partial,High,No
INC-0241,2022-03-07,2022,3,Q1,Legal,SQL Injection,Network Intrusion,France,High,GDPR,10000+,10000,1246855,94,177,Yes,No,Partial,High,No
INC-0242,2019-06-11,2019,6,Q2,Legal,Ransomware,Cloud Misconfiguration,Canada,Low,None,501-2000,249,1065,107,109,No,Yes,Partial,Medium,No
INC-0243,2019-06-25,2019,6,Q2,Insurance,Supply Chain,Cloud Misconfiguration,Canada,High,GDPR,501-2000,1000000,2451479,31,34,No,No,Partial,Critical,Yes
INC-0244,2023-02-07,2023,2,Q1,Retail,SQL Injection,Removable Media,USA,Critical,ISO27001,501-2000,331496,8877403,19,45,Yes,No,Non-Compliant,Critical,No
INC-0245,2021-09-22,2021,9,Q3,Healthcare,Ransomware,Cloud Misconfiguration,UK,Critical,SOC2,51-200,347071,20267782,6,13,Yes,Yes,Partial,High,No
INC-0246,2023-07-30,2023,7,Q3,Legal,Social Engineering,Physical,Germany,High,PCI-DSS,201-500,63778,130644,138,143,No,Yes,Compliant,Low,No
INC-0247,2019-05-22,2019,5,Q2,Retail,Insider Threat,Email,USA,Low,PCI-DSS,501-2000,10000,1275,3,4,No,No,Non-Compliant,Medium,No
INC-0248,2023-04-07,2023,4,Q2,Manufacturing,DDoS,Email,USA,Critical,SOC2,51-200,5730433,4307977,16,17,No,Yes,Compliant,High,No
INC-0249,2021-12-26,2021,12,Q4,Manufacturing,Social Engineering,Network Intrusion,Canada,High,ISO27001,51-200,1000000,826659,16,46,Yes,No,Non-Compliant,Medium,No
INC-0250,2023-04-18,2023,4,Q2,Insurance,Credential Stuffing,Third-Party Vendor,USA,Medium,HIPAA,51-200,7877,301383,18,21,No,No,Compliant,Critical,Yes
INC-0251,2019-09-15,2019,9,Q3,Finance,Phishing,Cloud Misconfiguration,Germany,Low,GDPR,201-500,1558,10130,9,22,Yes,Yes,Partial,Medium,No
INC-0252,2019-09-20,2019,9,Q3,Retail,Social Engineering,Remote Desktop,USA,Critical,ISO27001,10000+,51400,3922607,69,88,No,Yes,Compliant,High,Yes
INC-0253,2022-09-13,2022,9,Q3,Insurance,Credential Stuffing,Email,USA,High,None,1-50,916508,179152,6,18,No,No,Compliant,Medium,No
INC-0254,2021-08-31,2021,8,Q3,Finance,Ransomware,Email,USA,Critical,NIST,201-500,86742,17106157,46,47,Yes,Yes,Non-Compliant,High,No
INC-0255,2022-01-30,2022,1,Q1,Finance,Phishing,Physical,Singapore,Critical,SOC2,51-200,692128,1905477,6,37,Yes,No,Compliant,Medium,Yes
INC-0256,2019-12-05,2019,12,Q4,Education,Supply Chain,Remote Desktop,Canada,High,GDPR,10000+,19282,2548032,4,5,Yes,Yes,Compliant,High,Yes
INC-0257,2020-06-26,2020,6,Q2,Legal,Credential Stuffing,Web Application,Japan,High,PCI-DSS,51-200,41341,376238,109,138,Yes,No,Compliant,Medium,No
INC-0258,2021-12-16,2021,12,Q4,Technology,SQL Injection,Remote Desktop,Germany,High,NIST,201-500,28482,2453302,10,55,No,No,Non-Compliant,Critical,No
INC-0259,2023-11-22,2023,11,Q4,Education,Social Engineering,Email,USA,Medium,HIPAA,501-2000,4017,98588,78,90,Yes,Yes,Non-Compliant,Low,Yes
INC-0260,2022-05-27,2022,5,Q2,Healthcare,Supply Chain,Third-Party Vendor,India,High,None,501-2000,44544,435987,36,52,Yes,Yes,Partial,Critical,Yes
INC-0261,2021-05-16,2021,5,Q2,Education,Phishing,Web Application,Germany,High,PCI-DSS,201-500,43937,297439,4,17,Yes,Yes,Non-Compliant,Critical,No
INC-0262,2020-03-09,2020,3,Q1,Manufacturing,Ransomware,Cloud Misconfiguration,France,High,SOC2,201-500,349034,355562,140,150,No,Yes,Non-Compliant,Medium,No
INC-0263,2022-01-09,2022,1,Q1,Healthcare,Ransomware,Web Application,USA,Critical,GDPR,201-500,95327,7673360,13,57,Yes,No,Compliant,High,No
INC-0264,2023-03-27,2023,3,Q1,Government,Supply Chain,Remote Desktop,Germany,High,SOC2,51-200,139209,540105,89,134,Yes,No,Compliant,Low,Yes
INC-0265,2023-02-03,2023,2,Q1,Insurance,Phishing,Email,USA,High,NIST,51-200,621483,276109,9,18,Yes,Yes,Partial,Critical,No
INC-0266,2022-11-13,2022,11,Q4,Technology,DDoS,Email,UK,High,GDPR,201-500,46310,423679,87,107,No,No,Compliant,High,Yes
INC-0267,2020-02-16,2020,2,Q1,Technology,Supply Chain,Remote Desktop,Canada,High,ISO27001,51-200,34065,540873,1,54,No,No,Compliant,Medium,Yes
INC-0268,2022-12-31,2022,12,Q4,Technology,Zero-Day Exploit,Remote Desktop,Germany,High,HIPAA,51-200,70766,59493,33,99,Yes,Yes,Partial,Medium,No
INC-0269,2020-09-30,2020,9,Q3,Retail,Insider Threat,Third-Party Vendor,UK,Medium,ISO27001,501-2000,58684,79058,67,82,Yes,Yes,Non-Compliant,Low,No
INC-0270,2021-03-28,2021,3,Q1,Finance,Zero-Day Exploit,Web Application,UK,High,ISO27001,10000+,133798,187707,123,136,Yes,No,Compliant,Critical,No
INC-0271,2022-10-07,2022,10,Q4,Energy,Phishing,Physical,Germany,Medium,SOC2,501-2000,4507,15779,108,115,Yes,No,Compliant,Low,No
INC-0272,2022-08-23,2022,8,Q3,Energy,Zero-Day Exploit,Network Intrusion,Canada,Medium,NIST,1-50,20664,9250,78,142,Yes,No,Partial,High,No
INC-0273,2021-02-03,2021,2,Q1,Insurance,Phishing,Cloud Misconfiguration,Brazil,High,HIPAA,1-50,19139,83155,99,103,No,No,Partial,High,No
INC-0274,2021-06-16,2021,6,Q2,Insurance,Insider Threat,Email,Japan,High,GDPR,10000+,277885,128915,10,28,Yes,Yes,Non-Compliant,Critical,No
INC-0275,2021-11-25,2021,11,Q4,Government,Supply Chain,Remote Desktop,Canada,Critical,GDPR,51-200,922898,2460628,16,23,No,No,Non-Compliant,Medium,No
INC-0276,2021-07-13,2021,7,Q3,Government,Phishing,Email,UK,High,None,1-50,63020,3525816,16,23,Yes,No,Non-Compliant,High,No
INC-0277,2019-09-05,2019,9,Q3,Energy,Ransomware,Web Application,Australia,High,PCI-DSS,501-2000,28425,295517,22,33,No,No,Partial,High,No
INC-0278,2020-05-22,2020,5,Q2,Technology,Supply Chain,Mobile Device,UK,High,None,501-2000,26447,597263,23,158,No,Yes,Partial,High,No
INC-0279,2020-04-05,2020,4,Q2,Technology,Supply Chain,Email,USA,High,None,501-2000,223050,746271,36,38,Yes,Yes,Compliant,Low,No
INC-0280,2019-05-12,2019,5,Q2,Energy,Credential Stuffing,Remote Desktop,France,Low,GDPR,51-200,6318,5700,8,26,Yes,Yes,Partial,Medium,No
INC-0281,2020-11-23,2020,11,Q4,Insurance,Credential Stuffing,Third-Party Vendor,USA,Medium,SOC2,1-50,3844,46273,53,55,Yes,No,Compliant,Medium,No
INC-0282,2019-02-13,2019,2,Q1,Retail,DDoS,Cloud Misconfiguration,Brazil,Medium,ISO27001,10000+,19888,15130,9,13,Yes,Yes,Compliant,High,No
INC-0283,2022-04-19,2022,4,Q2,Retail,Ransomware,Third-Party Vendor,Germany,High,NIST,51-200,10000,2133535,17,29,Yes,No,Non-Compliant,Medium,No
INC-0284,2022-02-08,2022,2,Q1,Healthcare,Insider Threat,Email,India,Low,ISO27001,501-2000,416,30466,32,47,Yes,Yes,Non-Compliant,High,Yes
INC-0285,2020-04-16,2020,4,Q2,Education,Ransomware,Web Application,Australia,Medium,ISO27001,501-2000,9544,9293,72,78,No,Yes,Partial,Medium,No
INC-0286,2022-04-20,2022,4,Q2,Healthcare,Social Engineering,Third-Party Vendor,Brazil,Medium,HIPAA,501-2000,2555,17957,61,69,Yes,No,Compliant,Critical,No
INC-0287,2020-03-27,2020,3,Q1,Government,DDoS,Email,India,Critical,GDPR,201-500,122713,3779635,47,49,No,No,Non-Compliant,Critical,No
INC-0288,2019-01-15,2019,1,Q1,Government,Insider Threat,Web Application,India,Medium,NIST,51-200,3672,19057,8,16,Yes,No,Partial,High,No
INC-0289,2019-05-26,2019,5,Q2,Finance,SQL Injection,Email,USA,High,SOC2,501-2000,155005,829293,36,104,No,Yes,Partial,Medium,Yes
INC-0290,2022-12-20,2022,12,Q4,Education,Social Engineering,Email,Germany,Medium,HIPAA,2001-10000,7550,24137,5,63,Yes,No,Compliant,Medium,No
INC-0291,2022-07-16,2022,7,Q3,Healthcare,Phishing,Remote Desktop,USA,High,PCI-DSS,10000+,10000,4357545,22,31,No,Yes,Non-Compliant,Low,No
INC-0292,2019-05-01,2019,5,Q2,Healthcare,DDoS,Email,Canada,Medium,SOC2,51-200,1000,164444,25,42,Yes,Yes,Non-Compliant,Medium,No
INC-0293,2020-04-13,2020,4,Q2,Energy,SQL Injection,Third-Party Vendor,Germany,Medium,None,51-200,4024,61842,2,51,Yes,No,Compliant,High,No
INC-0294,2019-05-19,2019,5,Q2,Retail,DDoS,Physical,Australia,High,SOC2,10000+,198680,1396318,15,16,Yes,Yes,Partial,High,No
INC-0295,2019-03-06,2019,3,Q1,Healthcare,Phishing,Removable Media,USA,Low,SOC2,501-2000,100,15109,141,175,Yes,Yes,Partial,Critical,No
INC-0296,2023-10-27,2023,10,Q4,Government,Zero-Day Exploit,Web Application,USA,Low,ISO27001,2001-10000,472,2844,139,199,Yes,No,Compliant,Medium,No
INC-0297,2020-11-07,2020,11,Q4,Technology,Social Engineering,Email,Australia,Medium,SOC2,51-200,4541,22105,20,22,Yes,No,Compliant,High,Yes
INC-0298,2019-05-26,2019,5,Q2,Finance,DDoS,Email,USA,Low,None,501-2000,8024,5406,2,6,Yes,No,Compliant,High,No
INC-0299,2021-11-18,2021,11,Q4,Education,Credential Stuffing,Physical,USA,Medium,None,501-2000,5612,118351,9,74,No,Yes,Partial,High,No
INC-0300,2020-05-02,2020,5,Q2,Healthcare,Social Engineering,Cloud Misconfiguration,USA,Medium,GDPR,501-2000,17762,57459,23,39,Yes,Yes,Compliant,Medium,No
INC-0301,2020-07-24,2020,7,Q3,Healthcare,Credential Stuffing,Email,Japan,Critical,SOC2,201-500,618003,1032973,133,134,Yes,Yes,Non-Compliant,High,No
INC-0302,2022-10-02,2022,10,Q4,Government,Phishing,Network Intrusion,Canada,High,ISO27001,1-50,10000,224030,7,13,No,No,Non-Compliant,High,No
INC-0303,2021-09-21,2021,9,Q3,Government,DDoS,Email,UK,High,SOC2,501-2000,316549,464348,65,77,Yes,No,Non-Compliant,High,Yes
INC-0304,2020-03-14,2020,3,Q1,Technology,DDoS,Third-Party Vendor,USA,Medium,PCI-DSS,51-200,13813,46356,6,30,Yes,No,Compliant,Critical,Yes
INC-0305,2022-01-09,2022,1,Q1,Technology,Insider Threat,Cloud Misconfiguration,UK,Critical,PCI-DSS,201-500,1071710,35944644,179,206,Yes,Yes,Compliant,Medium,No
INC-0306,2019-09-28,2019,9,Q3,Manufacturing,Supply Chain,Network Intrusion,Canada,Medium,ISO27001,10000+,100000,12503,22,130,No,No,Partial,Low,No
INC-0307,2023-01-21,2023,1,Q1,Government,Social Engineering,Cloud Misconfiguration,Australia,Low,GDPR,201-500,100,8289,68,75,No,Yes,Partial,High,No
INC-0308,2023-12-13,2023,12,Q4,Finance,Social Engineering,Removable Media,USA,High,GDPR,2001-10000,1000000,2216581,19,35,No,No,Partial,High,No
INC-0309,2022-03-15,2022,3,Q1,Energy,SQL Injection,Web Application,USA,Medium,None,51-200,6497,484672,45,61,Yes,No,Compliant,Medium,No
INC-0310,2022-03-26,2022,3,Q1,Finance,Phishing,Removable Media,USA,Medium,None,501-2000,15387,33368,10,21,No,No,Compliant,High,No
INC-0311,2021-08-26,2021,8,Q3,Retail,Misconfiguration,Email,Australia,High,HIPAA,10000+,93400,817325,8,12,Yes,No,Non-Compliant,Critical,No
INC-0312,2020-05-12,2020,5,Q2,Healthcare,Zero-Day Exploit,Network Intrusion,Canada,Critical,ISO27001,51-200,264609,8839216,126,202,Yes,No,Compliant,Critical,No
INC-0313,2023-05-26,2023,5,Q2,Healthcare,Phishing,Third-Party Vendor,USA,High,SOC2,1-50,42538,607948,113,152,Yes,No,Partial,Medium,Yes
INC-0314,2021-08-26,2021,8,Q3,Manufacturing,Social Engineering,Removable Media,USA,High,NIST,201-500,163928,452941,99,113,Yes,No,Non-Compliant,Critical,Yes
INC-0315,2023-07-12,2023,7,Q3,Energy,Zero-Day Exploit,Remote Desktop,USA,Critical,ISO27001,1-50,51359,7732353,45,64,Yes,Yes,Compliant,High,Yes
INC-0316,2021-04-13,2021,4,Q2,Technology,SQL Injection,Physical,Japan,Medium,HIPAA,501-2000,30828,3974,75,81,Yes,No,Partial,High,Yes
INC-0317,2020-01-25,2020,1,Q1,Retail,DDoS,Third-Party Vendor,USA,Medium,None,2001-10000,5356,98898,4,20,Yes,Yes,Partial,High,Yes
INC-0318,2019-07-13,2019,7,Q3,Finance,Insider Threat,Cloud Misconfiguration,Canada,Medium,ISO27001,201-500,1835,56724,19,43,Yes,No,Compliant,Critical,No
INC-0319,2019-07-18,2019,7,Q3,Finance,Phishing,Email,India,High,ISO27001,51-200,50914,400267,17,32,No,No,Non-Compliant,High,No
INC-0320,2022-09-11,2022,9,Q3,Finance,Ransomware,Email,UK,High,None,201-500,659112,3871782,46,139,Yes,No,Compliant,Medium,No
INC-0321,2021-06-01,2021,6,Q2,Government,Zero-Day Exploit,Web Application,USA,Critical,HIPAA,501-2000,223990,2545950,20,39,No,Yes,Non-Compliant,High,Yes
INC-0322,2020-12-26,2020,12,Q4,Technology,Phishing,Email,USA,High,None,1-50,171203,334130,8,18,Yes,Yes,Compliant,High,No
INC-0323,2021-05-17,2021,5,Q2,Technology,Ransomware,Network Intrusion,India,High,GDPR,501-2000,33406,3663452,41,71,No,No,Non-Compliant,Medium,No
INC-0324,2021-04-21,2021,4,Q2,Finance,Insider Threat,Web Application,Canada,Medium,SOC2,501-2000,31170,21757,76,80,Yes,No,Partial,Critical,Yes
INC-0325,2021-08-14,2021,8,Q3,Legal,SQL Injection,Mobile Device,Australia,Critical,None,501-2000,1398100,2884416,22,32,Yes,No,Non-Compliant,High,No
INC-0326,2023-11-05,2023,11,Q4,Technology,Social Engineering,Web Application,Germany,Critical,HIPAA,51-200,8002596,4316360,7,16,Yes,Yes,Compliant,High,Yes
INC-0327,2023-02-02,2023,2,Q1,Education,Insider Threat,Email,USA,Critical,PCI-DSS,501-2000,384238,11590344,10,22,Yes,No,Non-Compliant,Low,No
INC-0328,2019-04-21,2019,4,Q2,Education,Insider Threat,Cloud Misconfiguration,Japan,Low,GDPR,1-50,2726,6154,13,44,No,No,Compliant,High,No
INC-0329,2022-10-11,2022,10,Q4,Retail,Supply Chain,Physical,Canada,High,PCI-DSS,51-200,115847,137274,17,31,Yes,Yes,Partial,Medium,No
INC-0330,2022-08-31,2022,8,Q3,Finance,SQL Injection,Remote Desktop,USA,Low,NIST,2001-10000,6985,2936,47,79,Yes,Yes,Non-Compliant,Low,No
INC-0331,2022-08-16,2022,8,Q3,Retail,Ransomware,Third-Party Vendor,Singapore,Medium,None,501-2000,3401,27239,42,60,No,No,Compliant,High,No
INC-0332,2019-07-21,2019,7,Q3,Technology,SQL Injection,Cloud Misconfiguration,India,Low,GDPR,1-50,3057,4628,54,63,No,No,Compliant,High,No
INC-0333,2019-05-05,2019,5,Q2,Healthcare,Phishing,Web Application,India,High,SOC2,51-200,74673,765440,21,55,Yes,No,Partial,High,No
INC-0334,2021-04-04,2021,4,Q2,Healthcare,Phishing,Mobile Device,Canada,High,None,51-200,90820,759616,79,85,Yes,No,Compliant,Low,Yes
INC-0335,2023-01-31,2023,1,Q1,Healthcare,SQL Injection,Mobile Device,France,Medium,SOC2,51-200,11475,8465,11,17,Yes,No,Partial,High,Yes
INC-0336,2020-11-25,2020,11,Q4,Healthcare,Insider Threat,Physical,Australia,Medium,ISO27001,51-200,14598,144888,29,44,Yes,No,Compliant,Medium,No
INC-0337,2023-06-28,2023,6,Q2,Insurance,Social Engineering,Email,USA,High,PCI-DSS,1-50,84000,643664,73,80,Yes,Yes,Compliant,Critical,No
INC-0338,2023-10-31,2023,10,Q4,Technology,Insider Threat,Physical,UK,Medium,GDPR,201-500,13799,199647,9,10,No,Yes,Non-Compliant,High,No
INC-0339,2019-08-12,2019,8,Q3,Government,DDoS,Email,Brazil,Medium,SOC2,501-2000,100000,77961,6,27,Yes,No,Partial,High,Yes
INC-0340,2020-05-24,2020,5,Q2,Healthcare,Credential Stuffing,Email,USA,High,HIPAA,501-2000,438493,1504071,97,112,Yes,No,Partial,Medium,No
INC-0341,2020-01-28,2020,1,Q1,Government,Phishing,Web Application,UK,High,SOC2,501-2000,368301,797238,19,31,Yes,No,Compliant,Low,No
INC-0342,2020-01-25,2020,1,Q1,Government,Credential Stuffing,Remote Desktop,UK,Low,HIPAA,1-50,504,19214,52,121,No,No,Non-Compliant,Critical,No
INC-0343,2022-01-03,2022,1,Q1,Finance,Phishing,Network Intrusion,UK,Low,None,10000+,263,8429,2,19,No,Yes,Compliant,Medium,No
INC-0344,2021-07-07,2021,7,Q3,Retail,Misconfiguration,Cloud Misconfiguration,India,Medium,GDPR,2001-10000,41910,45336,53,93,Yes,No,Non-Compliant,High,No
INC-0345,2019-10-15,2019,10,Q4,Retail,Phishing,Cloud Misconfiguration,Japan,Critical,SOC2,2001-10000,1860644,48514980,18,22,No,Yes,Non-Compliant,High,Yes
INC-0346,2021-05-14,2021,5,Q2,Education,Insider Threat,Remote Desktop,USA,High,NIST,2001-10000,910665,1216393,3,20,Yes,Yes,Partial,Low,No
INC-0347,2020-01-11,2020,1,Q1,Technology,Phishing,Web Application,USA,High,SOC2,10000+,40414,887450,43,84,Yes,No,Partial,Critical,No
INC-0348,2020-07-24,2020,7,Q3,Healthcare,Misconfiguration,Web Application,USA,Medium,NIST,201-500,7086,13953,13,31,Yes,No,Non-Compliant,High,No
INC-0349,2021-08-05,2021,8,Q3,Retail,SQL Injection,Mobile Device,Brazil,High,GDPR,51-200,10000,137868,23,49,Yes,No,Non-Compliant,Medium,No
INC-0350,2020-05-26,2020,5,Q2,Education,DDoS,Email,Australia,Low,SOC2,501-2000,555,6700,4,14,Yes,Yes,Partial,Low,No
INC-0351,2023-11-26,2023,11,Q4,Government,Phishing,Network Intrusion,USA,High,HIPAA,501-2000,445869,578321,8,10,No,No,Partial,Medium,No
INC-0352,2019-06-04,2019,6,Q2,Insurance,Supply Chain,Third-Party Vendor,France,Critical,SOC2,501-2000,248356,2705577,16,29,Yes,Yes,Compliant,Critical,No
INC-0353,2021-06-26,2021,6,Q2,Technology,Ransomware,Remote Desktop,France,High,PCI-DSS,201-500,261357,575702,5,16,No,Yes,Compliant,High,No
INC-0354,2023-07-13,2023,7,Q3,Finance,Social Engineering,Cloud Misconfiguration,France,Critical,None,1-50,375723,24485101,109,150,Yes,No,Non-Compliant,Medium,No
INC-0355,2023-10-31,2023,10,Q4,Healthcare,Ransomware,Remote Desktop,Brazil,High,ISO27001,201-500,162593,1002257,1,7,Yes,No,Compliant,Low,No
INC-0356,2023-10-20,2023,10,Q4,Technology,Ransomware,Network Intrusion,USA,Medium,HIPAA,2001-10000,1787,15974,30,99,Yes,No,Compliant,High,No
INC-0357,2022-02-01,2022,2,Q1,Healthcare,Phishing,Network Intrusion,Canada,Critical,PCI-DSS,501-2000,568170,4472417,6,70,Yes,Yes,Compliant,High,No
INC-0358,2019-07-20,2019,7,Q3,Education,SQL Injection,Remote Desktop,Germany,Low,NIST,201-500,100,2235,17,23,Yes,No,Non-Compliant,High,No
INC-0359,2019-04-14,2019,4,Q2,Legal,DDoS,Web Application,France,High,None,51-200,75552,339307,118,127,Yes,Yes,Compliant,Medium,Yes
INC-0360,2022-08-28,2022,8,Q3,Education,Phishing,Third-Party Vendor,Canada,Medium,GDPR,201-500,1000,33062,8,54,Yes,No,Compliant,Medium,No
INC-0361,2022-01-12,2022,1,Q1,Retail,Supply Chain,Network Intrusion,Canada,Low,HIPAA,2001-10000,6104,3101,152,220,Yes,Yes,Compliant,High,Yes
INC-0362,2023-09-09,2023,9,Q3,Technology,SQL Injection,Web Application,Australia,High,ISO27001,501-2000,320948,142518,11,23,No,Yes,Partial,Critical,No
INC-0363,2019-01-31,2019,1,Q1,Government,SQL Injection,Physical,USA,Medium,None,501-2000,20137,44007,61,69,Yes,No,Partial,Medium,No
INC-0364,2019-07-11,2019,7,Q3,Government,SQL Injection,Physical,India,High,NIST,201-500,979144,285431,36,51,Yes,No,Non-Compliant,High,No
INC-0365,2023-03-24,2023,3,Q1,Legal,Insider Threat,Cloud Misconfiguration,Singapore,High,ISO27001,501-2000,24089,26713,98,122,Yes,Yes,Non-Compliant,High,No
INC-0366,2023-10-05,2023,10,Q4,Retail,DDoS,Email,Japan,Low,GDPR,51-200,10000,38955,37,44,No,Yes,Partial,High,No
INC-0367,2020-04-29,2020,4,Q2,Manufacturing,Phishing,Cloud Misconfiguration,USA,Medium,GDPR,501-2000,40482,148530,35,62,No,No,Compliant,Medium,No
INC-0368,2019-12-07,2019,12,Q4,Insurance,Ransomware,Network Intrusion,USA,High,NIST,201-500,70129,343197,10,12,Yes,Yes,Compliant,Critical,Yes
INC-0369,2021-04-12,2021,4,Q2,Finance,Zero-Day Exploit,Email,USA,Medium,HIPAA,201-500,54927,50949,9,11,Yes,Yes,Compliant,High,Yes
INC-0370,2021-09-21,2021,9,Q3,Healthcare,Social Engineering,Web Application,Canada,High,NIST,501-2000,19024,154926,112,122,Yes,Yes,Compliant,High,No
INC-0371,2021-09-12,2021,9,Q3,Healthcare,Insider Threat,Mobile Device,France,High,SOC2,10000+,29032,2725292,18,27,No,Yes,Non-Compliant,Medium,No
INC-0372,2020-03-13,2020,3,Q1,Healthcare,Ransomware,Email,USA,Critical,GDPR,1-50,200682,33338957,21,29,No,No,Partial,Medium,Yes
INC-0373,2023-11-06,2023,11,Q4,Healthcare,Credential Stuffing,Network Intrusion,Germany,High,None,2001-10000,45227,584818,65,79,Yes,No,Non-Compliant,Low,Yes
INC-0374,2021-04-01,2021,4,Q2,Technology,Insider Threat,Remote Desktop,France,High,SOC2,51-200,20498,1391501,19,27,Yes,No,Non-Compliant,High,No
INC-0375,2019-05-01,2019,5,Q2,Healthcare,Phishing,Web Application,Canada,High,PCI-DSS,201-500,626278,595793,137,142,Yes,No,Partial,Medium,No
INC-0376,2019-12-04,2019,12,Q4,Finance,Phishing,Network Intrusion,India,Medium,ISO27001,1-50,6782,13135,61,69,No,No,Compliant,High,No
INC-0377,2021-02-15,2021,2,Q1,Energy,Credential Stuffing,Remote Desktop,India,Medium,SOC2,201-500,16968,33122,41,115,Yes,Yes,Compliant,Medium,Yes
INC-0378,2019-01-05,2019,1,Q1,Healthcare,Credential Stuffing,Third-Party Vendor,Germany,High,ISO27001,201-500,42505,570513,96,107,Yes,Yes,Non-Compliant,High,Yes
INC-0379,2021-03-10,2021,3,Q1,Energy,Phishing,Web Application,USA,High,NIST,1-50,10000,317367,3,15,Yes,Yes,Non-Compliant,High,No
INC-0380,2020-06-27,2020,6,Q2,Finance,Ransomware,Third-Party Vendor,India,High,SOC2,201-500,149943,401800,14,32,No,Yes,Compliant,Medium,No
INC-0381,2023-05-25,2023,5,Q2,Healthcare,Ransomware,Email,Australia,Critical,NIST,2001-10000,50000,4563264,29,111,No,No,Non-Compliant,Medium,No
INC-0382,2023-05-27,2023,5,Q2,Technology,Credential Stuffing,Remote Desktop,France,Critical,PCI-DSS,51-200,451085,4611528,12,18,No,No,Non-Compliant,Medium,No
INC-0383,2021-07-20,2021,7,Q3,Education,Phishing,Mobile Device,India,Critical,GDPR,501-2000,64208,5268240,62,85,Yes,Yes,Non-Compliant,High,No
INC-0384,2020-08-07,2020,8,Q3,Insurance,Phishing,Web Application,Canada,High,PCI-DSS,201-500,1000000,173123,114,140,No,No,Non-Compliant,High,Yes
INC-0385,2021-05-16,2021,5,Q2,Technology,Supply Chain,Physical,USA,Medium,GDPR,501-2000,39237,24410,25,44,Yes,No,Compliant,Medium,No
INC-0386,2022-11-27,2022,11,Q4,Energy,Phishing,Web Application,Germany,High,NIST,51-200,117190,138382,19,21,Yes,No,Compliant,High,No
INC-0387,2023-02-05,2023,2,Q1,Finance,Credential Stuffing,Cloud Misconfiguration,USA,Medium,GDPR,51-200,66562,132932,147,170,Yes,No,Non-Compliant,Medium,No
INC-0388,2023-05-24,2023,5,Q2,Finance,Ransomware,Email,USA,High,ISO27001,51-200,28097,60883,27,29,No,No,Compliant,Medium,No
INC-0389,2022-02-12,2022,2,Q1,Technology,Phishing,Mobile Device,Canada,High,None,1-50,225967,1584776,31,50,Yes,No,Partial,Low,No
INC-0390,2022-09-17,2022,9,Q3,Energy,Ransomware,Remote Desktop,Singapore,High,PCI-DSS,51-200,134947,2000110,20,47,No,No,Non-Compliant,Critical,Yes
INC-0391,2023-01-11,2023,1,Q1,Manufacturing,Supply Chain,Web Application,USA,Medium,SOC2,501-2000,14859,36960,109,114,No,No,Compliant,Medium,No
INC-0392,2021-09-23,2021,9,Q3,Retail,Zero-Day Exploit,Email,UK,Medium,PCI-DSS,2001-10000,67431,3702,38,75,Yes,Yes,Partial,Medium,No
INC-0393,2019-11-14,2019,11,Q4,Retail,Zero-Day Exploit,Email,Canada,High,ISO27001,2001-10000,300037,348381,65,66,Yes,Yes,Non-Compliant,Medium,No
INC-0394,2020-01-24,2020,1,Q1,Technology,Insider Threat,Third-Party Vendor,USA,Medium,GDPR,501-2000,15420,46891,76,114,Yes,No,Compliant,Medium,No
INC-0395,2020-08-30,2020,8,Q3,Retail,Credential Stuffing,Web Application,India,Critical,ISO27001,51-200,50000,1820005,19,32,Yes,Yes,Partial,High,No
INC-0396,2020-03-21,2020,3,Q1,Legal,Ransomware,Removable Media,Canada,Medium,HIPAA,51-200,2369,29868,26,31,Yes,Yes,Partial,Low,No
INC-0397,2019-04-30,2019,4,Q2,Insurance,Ransomware,Remote Desktop,India,Medium,HIPAA,201-500,8318,230953,85,88,Yes,No,Non-Compliant,Medium,No
INC-0398,2022-04-01,2022,4,Q2,Retail,Social Engineering,Web Application,USA,Low,SOC2,51-200,1150,9721,21,83,No,Yes,Compliant,High,Yes
INC-0399,2023-02-15,2023,2,Q1,Technology,Phishing,Third-Party Vendor,UK,High,ISO27001,201-500,18354,198352,72,74,No,No,Non-Compliant,Medium,No
INC-0400,2022-01-15,2022,1,Q1,Technology,Phishing,Cloud Misconfiguration,Canada,High,NIST,201-500,1000000,101190,128,133,Yes,No,Partial,High,Yes
INC-0401,2019-05-05,2019,5,Q2,Healthcare,Ransomware,Email,India,Medium,SOC2,201-500,97239,36053,44,53,Yes,No,Compliant,High,No
INC-0402,2023-03-12,2023,3,Q1,Insurance,Phishing,Email,USA,Low,NIST,201-500,2467,4038,61,81,Yes,No,Compliant,Medium,No
INC-0403,2020-10-04,2020,10,Q4,Government,Ransomware,Email,Canada,High,SOC2,2001-10000,111410,821233,74,90,No,Yes,Partial,High,No
INC-0404,2019-04-28,2019,4,Q2,Energy,DDoS,Cloud Misconfiguration,USA,Medium,HIPAA,501-2000,7273,29274,84,87,No,No,Compliant,Medium,No
INC-0405,2019-04-13,2019,4,Q2,Finance,Insider Threat,Physical,Canada,High,SOC2,201-500,23981,833895,23,30,Yes,No,Partial,High,No
INC-0406,2022-04-11,2022,4,Q2,Insurance,Social Engineering,Remote Desktop,USA,High,HIPAA,2001-10000,112324,3462555,3,9,Yes,No,Non-Compliant,High,Yes
INC-0407,2021-09-03,2021,9,Q3,Retail,Zero-Day Exploit,Removable Media,Japan,Medium,GDPR,10000+,14720,113015,24,29,No,Yes,Non-Compliant,Medium,No
INC-0408,2021-10-26,2021,10,Q4,Healthcare,Insider Threat,Removable Media,UK,Medium,NIST,201-500,1552,47652,51,62,Yes,Yes,Compliant,High,Yes
INC-0409,2023-10-13,2023,10,Q4,Insurance,Ransomware,Third-Party Vendor,UK,Critical,ISO27001,201-500,825403,4163214,27,52,Yes,No,Partial,Critical,No
INC-0410,2021-12-23,2021,12,Q4,Healthcare,Insider Threat,Network Intrusion,USA,High,SOC2,201-500,79224,350000,63,68,Yes,Yes,Non-Compliant,Critical,No
INC-0411,2019-11-19,2019,11,Q4,Finance,DDoS,Web Application,UK,High,HIPAA,10000+,10000,1628230,20,30,Yes,No,Non-Compliant,High,No
INC-0412,2019-04-27,2019,4,Q2,Legal,Ransomware,Email,France,Medium,PCI-DSS,2001-10000,2751,26701,46,56,Yes,Yes,Non-Compliant,High,No
INC-0413,2021-11-06,2021,11,Q4,Legal,Credential Stuffing,Web Application,Singapore,High,NIST,51-200,53772,523130,10,85,No,Yes,Non-Compliant,Medium,Yes
INC-0414,2019-06-14,2019,6,Q2,Education,Insider Threat,Email,UK,Low,SOC2,201-500,10000,5262,63,125,No,Yes,Partial,Medium,Yes
INC-0415,2023-10-10,2023,10,Q4,Technology,DDoS,Third-Party Vendor,Germany,High,None,501-2000,230442,302724,36,69,Yes,Yes,Non-Compliant,High,No
INC-0416,2020-01-16,2020,1,Q1,Retail,Insider Threat,Network Intrusion,Canada,Critical,GDPR,201-500,67449,1267406,11,17,No,No,Non-Compliant,Medium,No
INC-0417,2019-05-21,2019,5,Q2,Finance,Ransomware,Email,Brazil,Medium,GDPR,51-200,20731,69061,16,18,Yes,No,Partial,Critical,Yes
INC-0418,2022-05-03,2022,5,Q2,Finance,Social Engineering,Email,India,Low,PCI-DSS,2001-10000,100,4704,63,71,No,Yes,Non-Compliant,Medium,No
INC-0419,2019-05-20,2019,5,Q2,Technology,Supply Chain,Remote Desktop,UK,Low,HIPAA,501-2000,5073,8245,30,37,Yes,No,Compliant,Medium,No
INC-0420,2022-10-14,2022,10,Q4,Technology,Phishing,Network Intrusion,UK,Medium,SOC2,2001-10000,4932,29324,11,26,No,Yes,Compliant,Medium,Yes
INC-0421,2023-11-01,2023,11,Q4,Energy,Zero-Day Exploit,Web Application,Australia,Medium,NIST,2001-10000,8689,169498,154,185,No,No,Partial,Critical,No
INC-0422,2020-04-26,2020,4,Q2,Energy,SQL Injection,Third-Party Vendor,USA,Low,HIPAA,501-2000,7305,2080,57,97,Yes,Yes,Non-Compliant,High,Yes
INC-0423,2021-04-06,2021,4,Q2,Healthcare,Social Engineering,Email,India,High,GDPR,201-500,14504,2770126,142,180,No,No,Non-Compliant,High,No
INC-0424,2019-09-03,2019,9,Q3,Government,Supply Chain,Email,UK,High,HIPAA,501-2000,12298,87092,26,35,No,No,Non-Compliant,Medium,No
INC-0425,2023-12-29,2023,12,Q4,Healthcare,Insider Threat,Mobile Device,Canada,Medium,GDPR,51-200,4166,77230,30,54,No,No,Compliant,Critical,No
INC-0426,2022-03-12,2022,3,Q1,Government,Phishing,Mobile Device,USA,Critical,HIPAA,501-2000,2373631,8043534,103,111,Yes,No,Non-Compliant,Low,No
INC-0427,2020-05-19,2020,5,Q2,Retail,Ransomware,Email,India,Medium,PCI-DSS,51-200,1023,22566,34,36,No,No,Compliant,Critical,Yes
INC-0428,2022-03-31,2022,3,Q1,Insurance,DDoS,Mobile Device,Germany,Critical,ISO27001,501-2000,50000,7643318,56,81,No,No,Non-Compliant,High,No
INC-0429,2022-05-02,2022,5,Q2,Retail,Credential Stuffing,Physical,Australia,Medium,PCI-DSS,51-200,5082,179745,14,15,Yes,No,Non-Compliant,Medium,No
INC-0430,2019-03-23,2019,3,Q1,Healthcare,Ransomware,Network Intrusion,USA,Critical,PCI-DSS,51-200,1143923,544775,27,38,No,No,Non-Compliant,High,Yes
INC-0431,2022-06-22,2022,6,Q2,Healthcare,Phishing,Remote Desktop,India,High,ISO27001,51-200,605202,826626,6,14,Yes,No,Non-Compliant,High,No
INC-0432,2019-06-17,2019,6,Q2,Technology,Zero-Day Exploit,Third-Party Vendor,India,Critical,ISO27001,1-50,249601,413196,11,35,Yes,Yes,Partial,Low,No
INC-0433,2021-05-08,2021,5,Q2,Education,Misconfiguration,Remote Desktop,India,Critical,SOC2,501-2000,269742,1903650,1,31,Yes,No,Partial,Critical,No
INC-0434,2022-09-08,2022,9,Q3,Healthcare,SQL Injection,Physical,India,Medium,NIST,501-2000,56454,254981,2,10,Yes,Yes,Compliant,High,No
INC-0435,2022-04-10,2022,4,Q2,Healthcare,Phishing,Email,Australia,Critical,NIST,201-500,50000,2794507,171,205,Yes,No,Compliant,Medium,No
INC-0436,2022-03-03,2022,3,Q1,Technology,Ransomware,Email,Canada,Medium,SOC2,51-200,5583,15458,13,20,Yes,No,Non-Compliant,Medium,No
INC-0437,2021-12-06,2021,12,Q4,Healthcare,Phishing,Web Application,USA,Medium,PCI-DSS,1-50,13306,41021,49,61,No,No,Partial,High,No
INC-0438,2020-10-09,2020,10,Q4,Energy,Social Engineering,Cloud Misconfiguration,France,Medium,PCI-DSS,1-50,19617,395412,83,109,Yes,Yes,Partial,High,No
INC-0439,2020-06-18,2020,6,Q2,Technology,Phishing,Web Application,Germany,High,GDPR,51-200,46546,80071,36,60,Yes,Yes,Partial,High,No
INC-0440,2020-02-23,2020,2,Q1,Healthcare,DDoS,Physical,USA,Medium,GDPR,2001-10000,10530,17473,8,96,Yes,No,Compliant,High,No
INC-0441,2022-10-03,2022,10,Q4,Healthcare,Ransomware,Mobile Device,USA,High,NIST,51-200,10000,2235096,59,65,Yes,No,Non-Compliant,High,No
INC-0442,2023-01-06,2023,1,Q1,Manufacturing,DDoS,Email,UK,High,SOC2,201-500,37255,3204497,42,64,No,Yes,Non-Compliant,Critical,No
INC-0443,2020-10-05,2020,10,Q4,Retail,Credential Stuffing,Physical,Canada,High,None,51-200,197439,450869,60,79,No,Yes,Compliant,High,No
INC-0444,2020-05-03,2020,5,Q2,Retail,Zero-Day Exploit,Remote Desktop,Australia,Critical,None,51-200,114567,1448292,67,117,No,No,Compliant,Critical,No
INC-0445,2020-06-27,2020,6,Q2,Energy,Ransomware,Network Intrusion,Canada,High,SOC2,201-500,109250,4066148,167,171,Yes,No,Partial,Medium,No
INC-0446,2021-03-21,2021,3,Q1,Legal,Phishing,Email,Germany,Medium,GDPR,501-2000,19548,246279,39,67,Yes,Yes,Compliant,Medium,No
INC-0447,2019-09-26,2019,9,Q3,Manufacturing,Phishing,Physical,Germany,Medium,NIST,51-200,5982,98590,19,36,Yes,Yes,Compliant,Medium,No
INC-0448,2022-10-07,2022,10,Q4,Technology,Social Engineering,Removable Media,USA,Medium,NIST,1-50,12913,22189,48,55,Yes,Yes,Compliant,High,No
INC-0449,2022-08-14,2022,8,Q3,Retail,Zero-Day Exploit,Network Intrusion,UK,Low,GDPR,201-500,235,4760,4,17,Yes,No,Partial,Critical,Yes
INC-0450,2020-09-06,2020,9,Q3,Healthcare,DDoS,Physical,UK,Medium,None,51-200,7335,42591,103,112,No,Yes,Non-Compliant,Low,No
INC-0451,2021-07-25,2021,7,Q3,Technology,DDoS,Remote Desktop,USA,Medium,HIPAA,51-200,24975,69607,6,24,Yes,Yes,Non-Compliant,Low,No
INC-0452,2020-10-09,2020,10,Q4,Education,Credential Stuffing,Third-Party Vendor,USA,Critical,HIPAA,10000+,632745,21336929,18,62,No,Yes,Partial,Critical,No
INC-0453,2023-03-20,2023,3,Q1,Retail,Phishing,Network Intrusion,India,High,GDPR,501-2000,41486,1204747,77,94,Yes,Yes,Compliant,Medium,No
INC-0454,2019-05-29,2019,5,Q2,Insurance,Social Engineering,Third-Party Vendor,Canada,Medium,HIPAA,501-2000,13997,17024,41,61,Yes,No,Non-Compliant,High,Yes
INC-0455,2019-01-20,2019,1,Q1,Healthcare,Insider Threat,Email,Singapore,High,ISO27001,201-500,292096,1980499,23,38,Yes,Yes,Compliant,High,No
INC-0456,2021-07-27,2021,7,Q3,Government,Insider Threat,Network Intrusion,Japan,Medium,SOC2,201-500,1000,68385,29,31,Yes,Yes,Compliant,Critical,No
INC-0457,2022-06-26,2022,6,Q2,Healthcare,SQL Injection,Physical,Australia,High,SOC2,201-500,568943,993937,87,93,No,No,Partial,Medium,Yes
INC-0458,2022-02-27,2022,2,Q1,Government,Phishing,Physical,UK,High,GDPR,501-2000,60387,2167108,19,33,Yes,Yes,Partial,Medium,No
INC-0459,2019-07-24,2019,7,Q3,Healthcare,Phishing,Web Application,India,High,PCI-DSS,501-2000,189313,164519,92,100,Yes,Yes,Non-Compliant,High,No
INC-0460,2019-05-31,2019,5,Q2,Healthcare,Supply Chain,Physical,Canada,High,None,51-200,602471,482404,5,10,No,No,Non-Compliant,Critical,No
INC-0461,2022-01-06,2022,1,Q1,Healthcare,Phishing,Remote Desktop,USA,Critical,GDPR,201-500,63885,2938747,68,83,Yes,No,Non-Compliant,High,No
INC-0462,2020-03-12,2020,3,Q1,Technology,DDoS,Physical,UK,Critical,HIPAA,201-500,172508,1042454,85,93,Yes,No,Compliant,Medium,No
INC-0463,2021-11-02,2021,11,Q4,Technology,Ransomware,Email,France,High,None,2001-10000,64867,707203,10,16,Yes,No,Compliant,High,No
INC-0464,2020-06-27,2020,6,Q2,Education,Insider Threat,Physical,UK,High,PCI-DSS,501-2000,30862,6162049,26,39,Yes,No,Compliant,Critical,Yes
INC-0465,2019-09-29,2019,9,Q3,Manufacturing,Ransomware,Mobile Device,India,High,HIPAA,201-500,1000000,79402,9,12,No,Yes,Compliant,Critical,No
INC-0466,2020-12-15,2020,12,Q4,Retail,Insider Threat,Email,India,Medium,NIST,51-200,2766,48411,56,109,No,No,Partial,Critical,No
INC-0467,2023-12-10,2023,12,Q4,Finance,Credential Stuffing,Mobile Device,USA,Medium,ISO27001,501-2000,4346,94875,35,76,No,No,Compliant,Low,No
INC-0468,2019-05-21,2019,5,Q2,Insurance,Ransomware,Remote Desktop,UK,Low,HIPAA,51-200,1358,5654,46,71,Yes,No,Compliant,Medium,No
INC-0469,2023-12-06,2023,12,Q4,Finance,DDoS,Network Intrusion,UK,High,ISO27001,201-500,16476,446518,10,13,Yes,No,Non-Compliant,High,No
INC-0470,2020-05-15,2020,5,Q2,Manufacturing,SQL Injection,Cloud Misconfiguration,USA,High,None,51-200,55237,136372,11,41,No,Yes,Partial,Critical,No
INC-0471,2021-01-26,2021,1,Q1,Healthcare,Credential Stuffing,Third-Party Vendor,USA,Medium,ISO27001,501-2000,16099,63105,2,36,Yes,No,Compliant,Medium,No
INC-0472,2020-08-06,2020,8,Q3,Manufacturing,Social Engineering,Cloud Misconfiguration,France,Critical,None,51-200,303480,2345911,18,48,Yes,No,Compliant,Medium,No
INC-0473,2019-11-20,2019,11,Q4,Healthcare,Supply Chain,Network Intrusion,USA,Critical,None,201-500,434644,559627,37,40,Yes,No,Non-Compliant,High,No
INC-0474,2021-06-16,2021,6,Q2,Insurance,Ransomware,Remote Desktop,Germany,High,None,2001-10000,45203,1651105,88,109,Yes,Yes,Non-Compliant,Low,No
INC-0475,2023-09-04,2023,9,Q3,Government,Phishing,Web Application,USA,High,None,51-200,10313,1303742,50,86,Yes,Yes,Non-Compliant,Medium,No
INC-0476,2022-01-17,2022,1,Q1,Manufacturing,Ransomware,Physical,Japan,Critical,None,201-500,809970,5265093,26,44,No,Yes,Partial,High,No
INC-0477,2022-12-11,2022,12,Q4,Healthcare,DDoS,Removable Media,USA,Medium,HIPAA,201-500,100000,62871,138,159,No,No,Partial,High,No
INC-0478,2020-09-11,2020,9,Q3,Education,Phishing,Cloud Misconfiguration,UK,High,None,1-50,102798,1463997,58,71,Yes,Yes,Partial,High,No
INC-0479,2022-06-06,2022,6,Q2,Manufacturing,SQL Injection,Cloud Misconfiguration,France,Medium,HIPAA,501-2000,14019,62574,120,136,Yes,Yes,Non-Compliant,Medium,No
INC-0480,2023-07-11,2023,7,Q3,Government,DDoS,Remote Desktop,France,High,None,1-50,282662,1234752,34,35,Yes,No,Non-Compliant,High,No
INC-0481,2022-09-01,2022,9,Q3,Education,Ransomware,Removable Media,USA,Medium,ISO27001,201-500,1489,37134,14,35,No,Yes,Compliant,High,No
INC-0482,2021-12-19,2021,12,Q4,Technology,Supply Chain,Email,Canada,Critical,NIST,501-2000,6427751,18567665,3,5,Yes,No,Partial,High,No
INC-0483,2019-01-17,2019,1,Q1,Government,Phishing,Third-Party Vendor,Germany,Critical,None,501-2000,677291,6891051,59,71,No,Yes,Non-Compliant,High,No
INC-0484,2022-09-29,2022,9,Q3,Education,Phishing,Email,Germany,Medium,PCI-DSS,501-2000,100000,60707,6,13,Yes,No,Compliant,Medium,No
INC-0485,2023-08-01,2023,8,Q3,Education,Supply Chain,Web Application,USA,High,None,51-200,33302,140407,17,33,Yes,No,Non-Compliant,Low,No
INC-0486,2022-02-09,2022,2,Q1,Insurance,SQL Injection,Web Application,USA,Critical,None,1-50,7644188,6661826,35,38,Yes,No,Compliant,Medium,No
INC-0487,2020-09-05,2020,9,Q3,Healthcare,Credential Stuffing,Remote Desktop,Canada,High,ISO27001,501-2000,319866,217598,38,62,No,No,Non-Compliant,Medium,No
INC-0488,2022-09-20,2022,9,Q3,Finance,Insider Threat,Physical,Germany,Critical,SOC2,201-500,1146155,2640993,42,74,Yes,Yes,Non-Compliant,High,Yes
INC-0489,2019-08-01,2019,8,Q3,Legal,Ransomware,Remote Desktop,UK,High,ISO27001,2001-10000,142053,221236,9,13,Yes,Yes,Non-Compliant,Critical,No
INC-0490,2023-12-04,2023,12,Q4,Insurance,Zero-Day Exploit,Remote Desktop,Canada,Medium,PCI-DSS,2001-10000,6888,17215,22,25,Yes,Yes,Partial,High,Yes
INC-0491,2019-10-03,2019,10,Q4,Government,Supply Chain,Web Application,Canada,Medium,SOC2,2001-10000,60544,418549,44,48,No,No,Compliant,High,No
INC-0492,2020-06-25,2020,6,Q2,Education,Credential Stuffing,Web Application,USA,Medium,GDPR,201-500,12343,189305,158,200,No,No,Non-Compliant,Medium,No
INC-0493,2019-08-25,2019,8,Q3,Finance,Ransomware,Web Application,India,High,GDPR,201-500,10000,3411732,59,75,Yes,No,Non-Compliant,High,No
INC-0494,2023-12-28,2023,12,Q4,Finance,DDoS,Email,USA,Medium,PCI-DSS,501-2000,1871,14718,116,129,No,No,Non-Compliant,Medium,No
INC-0495,2019-08-08,2019,8,Q3,Government,Insider Threat,Third-Party Vendor,Canada,High,ISO27001,201-500,75671,536926,65,68,Yes,Yes,Partial,Medium,No
INC-0496,2023-03-01,2023,3,Q1,Retail,Phishing,Physical,Australia,High,HIPAA,51-200,159201,137153,41,62,Yes,No,Non-Compliant,Low,No
INC-0497,2022-02-07,2022,2,Q1,Education,Social Engineering,Third-Party Vendor,Japan,High,PCI-DSS,2001-10000,91862,249363,10,51,Yes,No,Non-Compliant,High,Yes
INC-0498,2019-11-15,2019,11,Q4,Healthcare,Phishing,Remote Desktop,USA,Critical,NIST,2001-10000,3112135,1996330,50,86,Yes,Yes,Compliant,Critical,No
INC-0499,2020-07-11,2020,7,Q3,Manufacturing,Misconfiguration,Web Application,USA,Critical,SOC2,201-500,50000,17270881,44,64,No,No,Partial,Medium,No
INC-0500,2020-07-31,2020,7,Q3,Manufacturing,SQL Injection,Network Intrusion,USA,High,SOC2,1-50,124033,336426,42,44,No,Yes,Non-Compliant,Low,Yes
